Ticket Subject,Ticket Description,Resolution
Shipping delay,The shipping fee was charged incorrectly on my order.,We have issued a replacement order. It will be shipped within 2 days.
Warranty claim,"I paid for my order, but it still shows as unpaid. What should I do?",Your refund has been approved and will be credited shortly.
Warranty claim,The shipping fee was charged incorrectly on my order.,Your subscription has been canceled. No further charges will be made.
Payment issue,The chatbot support is not helpful. I need a human agent.,The discount has been manually applied to your order.
Payment issue,The customer support phone number is not working.,Refund processed successfully. You should receive it in 5-7 business days.
Customer support contact,"I placed an order two weeks ago, but it hasn't arrived yet.",Exchange request has been processed. Your new item will be shipped soon.
Warranty claim,"I want to return my item, but I can't find the return option.",Our technical team is working on the issue. Try reinstalling the app.
Product exchange,I want to cancel my subscription before the next billing cycle.,Refund processed successfully. You should receive it in 5-7 business days.
Double charge on card,I was charged twice for my purchase. Please help me get a refund.,We have reviewed your claim and approved your warranty request.
Account suspension,The chatbot support is not helpful. I need a human agent.,Our technical team is working on the issue. Try reinstalling the app.
App not working,My warranty claim for the defective product was denied unfairly.,Your delivery date has been confirmed for this weekend.
Change delivery address,I received an incorrect item. How do I exchange it?,Order cancellation request approved. Refund initiated.
Billing issue,"I placed an order two weeks ago, but it hasn't arrived yet.",We have verified your payment. Your order is now confirmed.
Unable to track order,I need assistance in tracking my order as the tracking ID is invalid.,We have verified your payment. Your order is now confirmed.
Unable to track order,"I applied a discount code, but the discount was not applied.",Exchange request has been processed. Your new item will be shipped soon.
Unable to track order,I received an incorrect item. How do I exchange it?,Your account has been reinstated. Please follow our guidelines to avoid future suspensions.
Product exchange,"I placed an order two weeks ago, but it hasn't arrived yet.",Your account has been reinstated. Please follow our guidelines to avoid future suspensions.
App not working,I forgot my password and can't log in. Need a password reset link.,Your account has been reinstated. Please follow our guidelines to avoid future suspensions.
Login problem,My account was suspended without any reason. How can I reactivate it?,Your delivery address has been updated successfully.
Payment issue,"I want to return my item, but I can't find the return option.",We have reviewed your claim and approved your warranty request.
App not working,The customer support phone number is not working.,Your delivery date has been confirmed for this weekend.
Double charge on card,I have not received any tracking details for my shipment.,Tracking details have been sent to your email. Please check.
Refund request,I forgot my password and can't log in. Need a password reset link.,Exchange request has been processed. Your new item will be shipped soon.
Password reset,I received an incorrect item. How do I exchange it?,Our customer support contact details have been updated.
Website down,"I paid for my order, but it still shows as unpaid. What should I do?",Your delivery address has been updated successfully.
Account suspension,"I placed an order two weeks ago, but it hasn't arrived yet.",We have verified your payment. Your order is now confirmed.
Product defect,I received an incorrect item. How do I exchange it?,Password reset link sent to your registered email.
Website down,The product I received is defective. I need a replacement.,Your delivery address has been updated successfully.
Product exchange,I need to update my delivery address for an ongoing order.,We have verified your payment. Your order is now confirmed.
Product exchange,I need to update my delivery address for an ongoing order.,Our technical team is working on the issue. Try reinstalling the app.
Late delivery,My refund has not been processed even after 10 days.,Password reset link sent to your registered email.
Shipping delay,I need to update my delivery address for an ongoing order.,You can initiate a return from the 'My Orders' section.
Shipping delay,I need assistance in tracking my order as the tracking ID is invalid.,We have issued a replacement order. It will be shipped within 2 days.
Account suspension,The shipping fee was charged incorrectly on my order.,We have issued a replacement order. It will be shipped within 2 days.
Return process,I received an incorrect item. How do I exchange it?,Our team is fixing the website issue. Please try again later.
Product defect,"I want to return my item, but I can't find the return option.",Our technical team is working on the issue. Try reinstalling the app.
Warranty claim,I was charged twice for my purchase. Please help me get a refund.,Your order is delayed due to high demand. Estimated delivery is in 3 days.
Change delivery address,The chatbot support is not helpful. I need a human agent.,Tracking details have been sent to your email. Please check.
Billing issue,My premium subscription was canceled without notice.,Incorrect shipping fee has been refunded to your account.
Item missing from order,I want to cancel my subscription before the next billing cycle.,A human agent will contact you shortly for further assistance.
Return process,The website is not loading properly on my device.,Our customer support contact details have been updated.
Account suspension,"I want to return my item, but I can't find the return option.",Tracking details have been sent to your email. Please check.
Technical error,My account was suspended without any reason. How can I reactivate it?,Your subscription has been canceled. No further charges will be made.
App not working,I want to cancel my subscription before the next billing cycle.,You can initiate a return from the 'My Orders' section.
Website down,I need to update my delivery address for an ongoing order.,The correct tracking ID has been shared with you via email.
Billing issue,I need to update my delivery address for an ongoing order.,Our customer support contact details have been updated.
Double charge on card,My refund has not been processed even after 10 days.,Your premium subscription has been reinstated.
Billing issue,My premium subscription was canceled without notice.,Your account has been reinstated. Please follow our guidelines to avoid future suspensions.
Customer support contact,I accidentally placed an order. Can I cancel it?,Your subscription has been canceled. No further charges will be made.
Password reset,I forgot my password and can't log in. Need a password reset link.,We have verified your payment. Your order is now confirmed.
Return process,My warranty claim for the defective product was denied unfairly.,We have reviewed your claim and approved your warranty request.
Change delivery address,I was charged twice for my purchase. Please help me get a refund.,The correct tracking ID has been shared with you via email.
Billing issue,I forgot my password and can't log in. Need a password reset link.,Tracking details have been sent to your email. Please check.
Item missing from order,The app keeps crashing whenever I try to open it.,We have verified your payment. Your order is now confirmed.
Unable to track order,I have not received any tracking details for my shipment.,The correct tracking ID has been shared with you via email.
Product exchange,I received an incorrect item. How do I exchange it?,We have issued a replacement order. It will be shipped within 2 days.
Warranty claim,I received an incorrect item. How do I exchange it?,Our team is fixing the website issue. Please try again later.
Refund request,I want to cancel my subscription before the next billing cycle.,We have reviewed your claim and approved your warranty request.
Billing issue,The product I received is defective. I need a replacement.,Our customer support contact details have been updated.
App not working,My warranty claim for the defective product was denied unfairly.,Your refund has been approved and will be credited shortly.
Website down,I need assistance in tracking my order as the tracking ID is invalid.,Exchange request has been processed. Your new item will be shipped soon.
Change delivery address,The customer support phone number is not working.,Our customer support contact details have been updated.
Password reset,I want to cancel my subscription before the next billing cycle.,Your premium subscription has been reinstated.
Order not received,I forgot my password and can't log in. Need a password reset link.,Order cancellation request approved. Refund initiated.
Product defect,I have not received any tracking details for my shipment.,Incorrect shipping fee has been refunded to your account.
App not working,I have not received any tracking details for my shipment.,Incorrect shipping fee has been refunded to your account.
Website down,My premium subscription was canceled without notice.,Order cancellation request approved. Refund initiated.
Password reset,I need assistance in tracking my order as the tracking ID is invalid.,Your account has been reinstated. Please follow our guidelines to avoid future suspensions.
Double charge on card,The website is not loading properly on my device.,Your delivery date has been confirmed for this weekend.
Refund request,"I paid for my order, but it still shows as unpaid. What should I do?",Your order is delayed due to high demand. Estimated delivery is in 3 days.
Double charge on card,My warranty claim for the defective product was denied unfairly.,Exchange request has been processed. Your new item will be shipped soon.
Website down,"I placed an order two weeks ago, but it hasn't arrived yet.",Our customer support contact details have been updated.
Unable to track order,The website is not loading properly on my device.,We have verified your payment. Your order is now confirmed.
Product exchange,My account was suspended without any reason. How can I reactivate it?,Your delivery date has been confirmed for this weekend.
Billing issue,I was charged twice for my purchase. Please help me get a refund.,The correct tracking ID has been shared with you via email.
Warranty claim,I was charged twice for my purchase. Please help me get a refund.,Your delivery address has been updated successfully.
Double charge on card,I have not received any tracking details for my shipment.,Order cancellation request approved. Refund initiated.
Account suspension,"I want to return my item, but I can't find the return option.",We have reviewed your claim and approved your warranty request.
Website down,My account was suspended without any reason. How can I reactivate it?,Password reset link sent to your registered email.
Return process,I want to cancel my subscription before the next billing cycle.,Password reset link sent to your registered email.
Billing issue,"I applied a discount code, but the discount was not applied.",Password reset link sent to your registered email.
Technical error,"I applied a discount code, but the discount was not applied.",Order cancellation request approved. Refund initiated.
Account suspension,I want to cancel my subscription before the next billing cycle.,The discount has been manually applied to your order.
Product defect,The customer support phone number is not working.,Our technical team is working on the issue. Try reinstalling the app.
Subscription cancellation,My refund has not been processed even after 10 days.,Exchange request has been processed. Your new item will be shipped soon.
Password reset,I received an incorrect item. How do I exchange it?,We have issued a replacement order. It will be shipped within 2 days.
Refund request,I need assistance in tracking my order as the tracking ID is invalid.,You can initiate a return from the 'My Orders' section.
Warranty claim,"I applied a discount code, but the discount was not applied.",Order cancellation request approved. Refund initiated.
App not working,The chatbot support is not helpful. I need a human agent.,You can initiate a return from the 'My Orders' section.
Shipping delay,I need to update my delivery address for an ongoing order.,Incorrect shipping fee has been refunded to your account.
Login problem,The delivery date keeps changing. I need a confirmed date.,Your delivery address has been updated successfully.
Subscription cancellation,The chatbot support is not helpful. I need a human agent.,Password reset link sent to your registered email.
Unable to track order,The product I received is defective. I need a replacement.,Incorrect shipping fee has been refunded to your account.
Subscription cancellation,I accidentally placed an order. Can I cancel it?,The discount has been manually applied to your order.
Change delivery address,My refund has not been processed even after 10 days.,Order cancellation request approved. Refund initiated.
Late delivery,The website is not loading properly on my device.,We have verified your payment. Your order is now confirmed.
Double charge on card,My warranty claim for the defective product was denied unfairly.,Your delivery date has been confirmed for this weekend.
Return process,I need assistance in tracking my order as the tracking ID is invalid.,Your order is delayed due to high demand. Estimated delivery is in 3 days.
Refund request,I forgot my password and can't log in. Need a password reset link.,Your refund has been approved and will be credited shortly.
Technical error,My account was suspended without any reason. How can I reactivate it?,Your order is delayed due to high demand. Estimated delivery is in 3 days.
Late delivery,"I paid for my order, but it still shows as unpaid. What should I do?",Your subscription has been canceled. No further charges will be made.
Customer support contact,The shipping fee was charged incorrectly on my order.,We have reviewed your claim and approved your warranty request.
Subscription cancellation,I forgot my password and can't log in. Need a password reset link.,A human agent will contact you shortly for further assistance.
Late delivery,I forgot my password and can't log in. Need a password reset link.,The correct tracking ID has been shared with you via email.
App not working,"I placed an order two weeks ago, but it hasn't arrived yet.",Our customer support contact details have been updated.
Password reset,The product I received is defective. I need a replacement.,The correct tracking ID has been shared with you via email.
Product defect,The website is not loading properly on my device.,We have issued a replacement order. It will be shipped within 2 days.
Double charge on card,"I placed an order two weeks ago, but it hasn't arrived yet.",Password reset link sent to your registered email.
Payment issue,I need assistance in tracking my order as the tracking ID is invalid.,Refund processed successfully. You should receive it in 5-7 business days.
Change delivery address,My account was suspended without any reason. How can I reactivate it?,A human agent will contact you shortly for further assistance.
Website down,I forgot my password and can't log in. Need a password reset link.,Our technical team is working on the issue. Try reinstalling the app.
Shipping delay,My refund has not been processed even after 10 days.,Exchange request has been processed. Your new item will be shipped soon.
Technical error,"I want to return my item, but I can't find the return option.",Our technical team is working on the issue. Try reinstalling the app.
Change delivery address,"I placed an order two weeks ago, but it hasn't arrived yet.",Password reset link sent to your registered email.
App not working,I need to update my delivery address for an ongoing order.,Order cancellation request approved. Refund initiated.
Technical error,The delivery date keeps changing. I need a confirmed date.,Your refund has been approved and will be credited shortly.
Product exchange,I received an incorrect item. How do I exchange it?,A human agent will contact you shortly for further assistance.
Payment issue,The delivery date keeps changing. I need a confirmed date.,Your order is delayed due to high demand. Estimated delivery is in 3 days.
Item missing from order,My warranty claim for the defective product was denied unfairly.,Your account has been reinstated. Please follow our guidelines to avoid future suspensions.
Item missing from order,The customer support phone number is not working.,Password reset link sent to your registered email.
Refund request,My warranty claim for the defective product was denied unfairly.,Tracking details have been sent to your email. Please check.
Warranty claim,I want to cancel my subscription before the next billing cycle.,A human agent will contact you shortly for further assistance.
App not working,"I want to return my item, but I can't find the return option.",Our technical team is working on the issue. Try reinstalling the app.
Warranty claim,"I placed an order two weeks ago, but it hasn't arrived yet.",We have reviewed your claim and approved your warranty request.
App not working,The chatbot support is not helpful. I need a human agent.,Your premium subscription has been reinstated.
Product exchange,"I applied a discount code, but the discount was not applied.",You can initiate a return from the 'My Orders' section.
Payment issue,"I want to return my item, but I can't find the return option.",You can initiate a return from the 'My Orders' section.
Shipping delay,"I want to return my item, but I can't find the return option.",Your refund has been approved and will be credited shortly.
App not working,The website is not loading properly on my device.,Our customer support contact details have been updated.
Product defect,My premium subscription was canceled without notice.,You can initiate a return from the 'My Orders' section.
Double charge on card,I have not received any tracking details for my shipment.,Tracking details have been sent to your email. Please check.
Unable to track order,The website is not loading properly on my device.,The discount has been manually applied to your order.
Login problem,I accidentally placed an order. Can I cancel it?,We have reviewed your claim and approved your warranty request.
Return process,"I placed an order two weeks ago, but it hasn't arrived yet.",Order cancellation request approved. Refund initiated.
Shipping delay,"I applied a discount code, but the discount was not applied.",Incorrect shipping fee has been refunded to your account.
Item missing from order,The shipping fee was charged incorrectly on my order.,The correct tracking ID has been shared with you via email.
Order not received,"I applied a discount code, but the discount was not applied.",Our team is fixing the website issue. Please try again later.
Customer support contact,I forgot my password and can't log in. Need a password reset link.,Tracking details have been sent to your email. Please check.
Subscription cancellation,"I placed an order two weeks ago, but it hasn't arrived yet.",Exchange request has been processed. Your new item will be shipped soon.
Return process,I want to cancel my subscription before the next billing cycle.,Exchange request has been processed. Your new item will be shipped soon.
App not working,The delivery date keeps changing. I need a confirmed date.,Tracking details have been sent to your email. Please check.
Login problem,I forgot my password and can't log in. Need a password reset link.,Your account has been reinstated. Please follow our guidelines to avoid future suspensions.
App not working,My refund has not been processed even after 10 days.,Exchange request has been processed. Your new item will be shipped soon.
Subscription cancellation,The product I received is defective. I need a replacement.,Your delivery address has been updated successfully.
Subscription cancellation,The chatbot support is not helpful. I need a human agent.,Exchange request has been processed. Your new item will be shipped soon.
Double charge on card,I forgot my password and can't log in. Need a password reset link.,Your order is delayed due to high demand. Estimated delivery is in 3 days.
Late delivery,My premium subscription was canceled without notice.,A human agent will contact you shortly for further assistance.
Payment issue,"I paid for my order, but it still shows as unpaid. What should I do?",Exchange request has been processed. Your new item will be shipped soon.
Billing issue,I want to cancel my subscription before the next billing cycle.,Exchange request has been processed. Your new item will be shipped soon.
Account suspension,The delivery date keeps changing. I need a confirmed date.,The correct tracking ID has been shared with you via email.
Subscription cancellation,"I want to return my item, but I can't find the return option.",Order cancellation request approved. Refund initiated.
Product exchange,The app keeps crashing whenever I try to open it.,Tracking details have been sent to your email. Please check.
Warranty claim,The shipping fee was charged incorrectly on my order.,The discount has been manually applied to your order.
Login problem,I was charged twice for my purchase. Please help me get a refund.,Tracking details have been sent to your email. Please check.
Late delivery,"I applied a discount code, but the discount was not applied.",The correct tracking ID has been shared with you via email.
Account suspension,"I want to return my item, but I can't find the return option.",Order cancellation request approved. Refund initiated.
App not working,The chatbot support is not helpful. I need a human agent.,We have verified your payment. Your order is now confirmed.
Subscription cancellation,My premium subscription was canceled without notice.,Our customer support contact details have been updated.
Payment issue,I need assistance in tracking my order as the tracking ID is invalid.,Exchange request has been processed. Your new item will be shipped soon.
Double charge on card,I accidentally placed an order. Can I cancel it?,Your refund has been approved and will be credited shortly.
Customer support contact,I received an incorrect item. How do I exchange it?,The discount has been manually applied to your order.
Technical error,The chatbot support is not helpful. I need a human agent.,Password reset link sent to your registered email.
Login problem,I was charged twice for my purchase. Please help me get a refund.,Your premium subscription has been reinstated.
App not working,My warranty claim for the defective product was denied unfairly.,Your delivery date has been confirmed for this weekend.
Subscription cancellation,The product I received is defective. I need a replacement.,Incorrect shipping fee has been refunded to your account.
Billing issue,"I applied a discount code, but the discount was not applied.",The correct tracking ID has been shared with you via email.
Password reset,I was charged twice for my purchase. Please help me get a refund.,Your subscription has been canceled. No further charges will be made.
Login problem,I want to cancel my subscription before the next billing cycle.,Your premium subscription has been reinstated.
Account suspension,The app keeps crashing whenever I try to open it.,We have issued a replacement order. It will be shipped within 2 days.
Technical error,I was charged twice for my purchase. Please help me get a refund.,Your subscription has been canceled. No further charges will be made.
Unable to track order,I need assistance in tracking my order as the tracking ID is invalid.,We have reviewed your claim and approved your warranty request.
Double charge on card,The delivery date keeps changing. I need a confirmed date.,You can initiate a return from the 'My Orders' section.
Shipping delay,"I want to return my item, but I can't find the return option.",Tracking details have been sent to your email. Please check.
Late delivery,I accidentally placed an order. Can I cancel it?,We have verified your payment. Your order is now confirmed.
Account suspension,"I paid for my order, but it still shows as unpaid. What should I do?",Your refund has been approved and will be credited shortly.
Item missing from order,"I applied a discount code, but the discount was not applied.",You can initiate a return from the 'My Orders' section.
Double charge on card,"I applied a discount code, but the discount was not applied.",Order cancellation request approved. Refund initiated.
Double charge on card,The website is not loading properly on my device.,Tracking details have been sent to your email. Please check.
Late delivery,The shipping fee was charged incorrectly on my order.,We have verified your payment. Your order is now confirmed.
Website down,"I paid for my order, but it still shows as unpaid. What should I do?",Exchange request has been processed. Your new item will be shipped soon.
Password reset,The shipping fee was charged incorrectly on my order.,You can initiate a return from the 'My Orders' section.
Order not received,"I want to return my item, but I can't find the return option.",Exchange request has been processed. Your new item will be shipped soon.
Payment issue,"I paid for my order, but it still shows as unpaid. What should I do?",Exchange request has been processed. Your new item will be shipped soon.
Subscription cancellation,My refund has not been processed even after 10 days.,Your delivery address has been updated successfully.
App not working,I accidentally placed an order. Can I cancel it?,Our team is fixing the website issue. Please try again later.
Account suspension,I need assistance in tracking my order as the tracking ID is invalid.,Our customer support contact details have been updated.
Password reset,The app keeps crashing whenever I try to open it.,The discount has been manually applied to your order.
Double charge on card,The product I received is defective. I need a replacement.,Password reset link sent to your registered email.
Login problem,"I want to return my item, but I can't find the return option.",A human agent will contact you shortly for further assistance.
Change delivery address,I received an incorrect item. How do I exchange it?,Your refund has been approved and will be credited shortly.
Payment issue,I want to cancel my subscription before the next billing cycle.,The discount has been manually applied to your order.
Double charge on card,"I applied a discount code, but the discount was not applied.",The correct tracking ID has been shared with you via email.
Double charge on card,The delivery date keeps changing. I need a confirmed date.,Exchange request has been processed. Your new item will be shipped soon.
Website down,I accidentally placed an order. Can I cancel it?,Refund processed successfully. You should receive it in 5-7 business days.
Warranty claim,I received an incorrect item. How do I exchange it?,Incorrect shipping fee has been refunded to your account.
Double charge on card,"I want to return my item, but I can't find the return option.",A human agent will contact you shortly for further assistance.
Warranty claim,The website is not loading properly on my device.,The discount has been manually applied to your order.
Customer support contact,"I applied a discount code, but the discount was not applied.",Refund processed successfully. You should receive it in 5-7 business days.
Payment issue,My refund has not been processed even after 10 days.,Your delivery date has been confirmed for this weekend.
Double charge on card,"I want to return my item, but I can't find the return option.",Your premium subscription has been reinstated.
Late delivery,"I placed an order two weeks ago, but it hasn't arrived yet.",Order cancellation request approved. Refund initiated.
Order not received,I received an incorrect item. How do I exchange it?,Refund processed successfully. You should receive it in 5-7 business days.
Late delivery,The chatbot support is not helpful. I need a human agent.,The discount has been manually applied to your order.
Billing issue,The app keeps crashing whenever I try to open it.,Order cancellation request approved. Refund initiated.
Double charge on card,My premium subscription was canceled without notice.,We have issued a replacement order. It will be shipped within 2 days.
Change delivery address,I want to cancel my subscription before the next billing cycle.,Incorrect shipping fee has been refunded to your account.
App not working,The app keeps crashing whenever I try to open it.,The correct tracking ID has been shared with you via email.
Billing issue,I want to cancel my subscription before the next billing cycle.,Order cancellation request approved. Refund initiated.
Double charge on card,I received an incorrect item. How do I exchange it?,We have verified your payment. Your order is now confirmed.
Order not received,The website is not loading properly on my device.,We have verified your payment. Your order is now confirmed.
Item missing from order,The app keeps crashing whenever I try to open it.,Incorrect shipping fee has been refunded to your account.
Password reset,The product I received is defective. I need a replacement.,We have verified your payment. Your order is now confirmed.
Account suspension,"I placed an order two weeks ago, but it hasn't arrived yet.",Tracking details have been sent to your email. Please check.
Item missing from order,I accidentally placed an order. Can I cancel it?,We have reviewed your claim and approved your warranty request.
Return process,I want to cancel my subscription before the next billing cycle.,We have verified your payment. Your order is now confirmed.
Item missing from order,The app keeps crashing whenever I try to open it.,The correct tracking ID has been shared with you via email.
Customer support contact,My account was suspended without any reason. How can I reactivate it?,We have reviewed your claim and approved your warranty request.
Late delivery,The shipping fee was charged incorrectly on my order.,Tracking details have been sent to your email. Please check.
Password reset,I was charged twice for my purchase. Please help me get a refund.,A human agent will contact you shortly for further assistance.
Order not received,The shipping fee was charged incorrectly on my order.,Your account has been reinstated. Please follow our guidelines to avoid future suspensions.
